CustomerKey,CustomerName,State,City
1,Harivansh,Uttar Pradesh,Mathura
2,Madhav,Delhi,Delhi
3,Madan Mohan,Uttar Pradesh,Mathura
4,Gopal,Maharashtra,Mumbai
5,Vishakha,Madhya Pradesh,Indore
6,Sudevi,Uttar Pradesh,Prayagraj
7,Shiva,Maharashtra,Pune
8,Sarita,Maharashtra,Pune
9,Shishu,Andhra Pradesh,Hyderabad
10,Vrinda,Maharashtra,Pune
11,Uudhav,Maharashtra,Mumbai
12,Shreyshi,Gujarat,Surat
13,Bhishm,Maharashtra,Mumbai
14,Yogesh,Maharashtra,Pune
15,Lalita,Uttar Pradesh,Mathura
16,Madhav,Uttar Pradesh,Mathura
17,Vishakha,Uttar Pradesh,Prayagraj
18,Rohan,Maharashtra,Mumbai
19,Gaurav,Gujarat,Ahmedabad
20,Amol,Bihar,Patna
21,Aastha,Himachal Pradesh,Simla
22,Pooja,Himachal Pradesh,Simla
23,Shrichand,Punjab,Chandigarh
24,Hitesh,Madhya Pradesh,Bhopal
25,Shourya,Kerala ,Thiruvananthapuram
26,Ishpreet,Maharashtra,Mumbai
27,Sudhir,Nagaland,Kohima
28,Sauptik,Madhya Pradesh,Indore
29,Lisha,Madhya Pradesh,Bhopal
30,Bhawna,Madhya Pradesh,Indore
31,Sujay,Maharashtra,Pune
32,Jay,Delhi,Delhi
33,Shruti,Madhya Pradesh,Indore
34,Mohan,Haryana,Chandigarh
35,Neha,Rajasthan,Udaipur
36,Shreyoshe,Karnataka,Bangalore
37,Hemant,Kerala ,Thiruvananthapuram
38,Madhulika,Madhya Pradesh,Bhopal
39,Shardul,Gujarat,Ahmedabad
40,Sheetal,Maharashtra,Pune
41,Pournamasi,Madhya Pradesh,Indore
42,Surabhi,Maharashtra,Mumbai
43,Manshul,Uttar Pradesh,Lucknow
44,Parth,Maharashtra,Pune
45,Siddharth,Madhya Pradesh,Indore
46,Priyanka,Maharashtra,Pune
47,Aarushi,Tamil Nadu,Chennai
48,Vaibhav,Madhya Pradesh,Indore
49,Savi,Maharashtra,Pune
50,Jahan,Madhya Pradesh,Bhopal
51,Parishi,West Bengal,Kolkata
52,Farah,Nagaland,Kohima
53,Abhijeet,Madhya Pradesh,Bhopal
54,Anudeep,Madhya Pradesh,Indore
55,Yohann,Delhi,Delhi
56,Girase,Kerala ,Thiruvananthapuram
57,Arpita,Karnataka,Bangalore
58,Vijay,Jammu and Kashmir,Kashmir
59,Arti,Maharashtra,Pune
60,Bharat,Gujarat,Ahmedabad
61,Divyeta,Madhya Pradesh,Indore
62,Manju,Andhra Pradesh,Hyderabad
63,Oshin,Maharashtra,Pune
64,Chandni,Rajasthan,Jaipur
65,Pranjali,West Bengal,Kolkata
66,Monu,Punjab,Amritsar
67,Shruti,Maharashtra,Mumbai
68,Krutika,Andhra Pradesh,Hyderabad
69,Sanjana,Bihar,Patna
70,Mahima,Madhya Pradesh,Indore
71,Rishabh,Rajasthan,Jaipur
72,Dashyam,Gujarat,Surat
73,Tulika,Madhya Pradesh,Bhopal
74,Nripraj,Punjab,Chandigarh
75,Vikash,Goa,Goa
76,Mukesh,Haryana,Chandigarh
77,Ankit,Haryana,Chandigarh
78,Yogesh,Bihar,Patna
79,Aditi,Madhya Pradesh,Indore
80,Ayush,Punjab,Chandigarh
81,Parin,Maharashtra,Mumbai
82,Kirti,Jammu and Kashmir,Kashmir
83,Ameesha,Maharashtra,Pune
84,Ayush,Maharashtra,Mumbai
85,Anjali,Haryana,Chandigarh
86,Shivam,Uttar Pradesh,Lucknow
87,Anurag,Madhya Pradesh,Indore
88,Sanjana,Madhya Pradesh,Indore
89,Shaily,Maharashtra,Mumbai
90,Priyanka,Madhya Pradesh,Indore
91,Tanvi,Punjab,Chandigarh
92,Shreya,Madhya Pradesh,Bhopal
93,Chirag,Maharashtra,Mumbai
94,Shweta,Rajasthan,Udaipur
95,Abhishek,Goa,Goa
96,Abhishek,Rajasthan,Udaipur
97,Hrisheekesh,Maharashtra,Mumbai
98,Kartik,Madhya Pradesh,Indore
99,Trupti,Gujarat,Ahmedabad
100,Noopur,Karnataka,Bangalore
101,Harsh,Madhya Pradesh,Bhopal
102,Swapnil,Delhi,Delhi
103,Soumyabrata,Andhra Pradesh,Hyderabad
104,Amruta,Delhi,Delhi
105,Aishwarya,Uttar Pradesh,Prayagraj
106,Pranav,Andhra Pradesh,Hyderabad
107,Sahil,Punjab,Chandigarh
108,Mitali,Nagaland,Kohima
109,Hitika,Madhya Pradesh,Indore
110,Paromita,Punjab,Amritsar
111,Jitesh,Uttar Pradesh,Lucknow
112,Pratyusmita,Bihar,Patna
113,Atharv,West Bengal,Kolkata
114,Ajay,Karnataka,Bangalore
115,Diwakar,Delhi,Delhi
116,Rutuja,Gujarat,Ahmedabad
117,Sanjova,Maharashtra,Pune
118,Shivanshu,Madhya Pradesh,Indore
119,Mhatre,Madhya Pradesh,Indore
120,Snel,Kerala ,Thiruvananthapuram
121,Praneet,Maharashtra,Mumbai
122,Jesal,West Bengal,Kolkata
123,Rhea,Maharashtra,Mumbai
124,Mrinal,Maharashtra,Mumbai
125,Sharda,Kerala ,Thiruvananthapuram
126,Shatayu,Madhya Pradesh,Indore
127,Rohan,Madhya Pradesh,Indore
128,Mohan,Maharashtra,Mumbai
129,Chikku,Madhya Pradesh,Indore
130,Akancha,Maharashtra,Mumbai
131,Amit,Sikkim,Gangtok
132,Kishwar,Madhya Pradesh,Indore
133,Mahima,Sikkim,Gangtok
134,Abhijeet,Maharashtra,Mumbai
135,Vrinda,Uttar Pradesh,Mathura
136,Muskan,Madhya Pradesh,Indore
137,Shubham,Delhi,Delhi
138,Vini,Karnataka,Bangalore
139,Kartik,Gujarat,Ahmedabad
140,Manisha,Rajasthan,Udaipur
141,Charika,Goa,Goa
142,Rohan,Himachal Pradesh,Simla
143,Rohan,Punjab,Amritsar
144,Ankur,Andhra Pradesh,Hyderabad
145,Aniket,Haryana,Chandigarh
146,Nishi,Maharashtra,Mumbai
147,Tanushree,Maharashtra,Mumbai
148,Pinky,Jammu and Kashmir,Kashmir
149,Yash,Maharashtra,Mumbai
150,Parna,Madhya Pradesh,Bhopal
151,Sukrith,Maharashtra,Mumbai
152,Dhanraj,Madhya Pradesh,Indore
153,Megha,Maharashtra,Pune
154,Piyali,Sikkim,Gangtok
155,Anand,Madhya Pradesh,Indore
156,Ayush,West Bengal,Kolkata
157,Monica,Punjab,Chandigarh
158,Shruti,Karnataka,Bangalore
159,Avish,Kerala ,Thiruvananthapuram
160,Atul,Delhi,Delhi
161,Shivangi,Madhya Pradesh,Indore
162,Mayank,Maharashtra,Mumbai
163,Kasheen,West Bengal,Kolkata
164,Asish,Jammu and Kashmir,Kashmir
165,Krutika,Bihar,Patna
166,Tejeswini,Maharashtra,Pune
167,Priyanshu,Madhya Pradesh,Indore
168,Nikita,Punjab,Chandigarh
169,Monisha,Rajasthan,Jaipur
170,Nishant,Maharashtra,Mumbai
171,Sheetal,Madhya Pradesh,Indore
172,Kartikay,Bihar,Patna
173,Amisha,Tamil Nadu,Chennai
174,Soumya,Rajasthan,Udaipur
175,Harshita,Maharashtra,Mumbai
176,Aman,Nagaland,Kohima
177,Brijesh,Rajasthan,Udaipur
178,Priyanka,Uttar Pradesh,Prayagraj
179,Vandana,Himachal Pradesh,Simla
180,Kiran,Maharashtra,Mumbai
181,Paridhi,Rajasthan,Jaipur
182,Navdeep,Madhya Pradesh,Indore
183,Shreya,Maharashtra,Mumbai
184,Bhaggyasree,Maharashtra,Mumbai
185,Vineet,Sikkim,Gangtok
186,Divyansha,Maharashtra,Mumbai
187,Swapnil,Madhya Pradesh,Indore
188,Anjali,Maharashtra,Mumbai
189,Kajal,Delhi,Delhi
190,Amlan,Madhya Pradesh,Indore
191,Sabah,Maharashtra,Mumbai
192,Surbhi,Gujarat,Ahmedabad
193,Shubham,Maharashtra,Pune
194,Shreya,Kerala ,Thiruvananthapuram
195,Hazel,Karnataka,Bangalore
196,Sonal,Bihar,Patna
197,Ankur,Madhya Pradesh,Bhopal
198,Srishti,Jammu and Kashmir,Kashmir
199,Shikhar,Maharashtra,Mumbai
200,Divsha,Rajasthan,Jaipur
201,Nida,Madhya Pradesh,Indore
202,Mane,Andhra Pradesh,Hyderabad
203,Sanjay,Goa,Goa
204,Sathya,Gujarat,Surat
205,Sanjna,Maharashtra,Mumbai
206,Sweta,Maharashtra,Mumbai
207,Nidhi,Nagaland,Kohima
208,Sakshi,Madhya Pradesh,Indore
209,Devendra,Andhra Pradesh,Hyderabad
210,Aparajita,West Bengal,Kolkata
211,Surbhi,Maharashtra,Mumbai
212,Ramesh,Gujarat,Ahmedabad
213,Swetha,Madhya Pradesh,Indore
214,Apoorva,Haryana,Chandigarh
215,Stuti,Karnataka,Bangalore
216,Anjali,Delhi,Delhi
217,K,Sikkim,Gangtok
218,Kushal,Nagaland,Kohima
219,Aayushi,Maharashtra,Mumbai
220,Deepak,Madhya Pradesh,Bhopal
221,Prashant,Delhi,Delhi
222,Bathina,Karnataka,Bangalore
223,Turumella,Madhya Pradesh,Indore
224,Pooja,Goa,Goa
225,Sudheer,Karnataka,Bangalore
226,Akshay,Bihar,Patna
227,Akshay,Uttar Pradesh,Lucknow
228,Shubham,Jammu and Kashmir,Kashmir
229,Sagar,Nagaland,Kohima
230,Ashmeet,West Bengal,Kolkata
231,Manjiri,Delhi,Delhi
232,Sneha,Karnataka,Bangalore
233,Chetan,Gujarat,Ahmedabad
234,Aman,Maharashtra,Mumbai
235,Komal,Uttar Pradesh,Lucknow
236,Bhosale,Punjab,Amritsar
237,Sukruta,Punjab,Amritsar
238,Sukant,Sikkim,Gangtok
239,Harsh,Delhi,Delhi
240,Yaanvi,Madhya Pradesh,Indore
241,Palak,Maharashtra,Mumbai
242,Kshitij,Madhya Pradesh,Indore
243,Mrunal,Maharashtra,Mumbai
244,Kanak,Goa,Goa
245,Divyeshkumar,Uttar Pradesh,Prayagraj
246,Karandeep,Madhya Pradesh,Indore
247,Mitali,Madhya Pradesh,Indore
248,Ankit,Sikkim,Gangtok
249,Ekta,Madhya Pradesh,Indore
250,Subhashree,Jammu and Kashmir,Kashmir
251,Nitant,Rajasthan,Jaipur
252,Surabhi,Rajasthan,Jaipur
253,Aayush,Uttar Pradesh,Lucknow
254,Aditya,Punjab,Chandigarh
255,Apsingekar,Bihar,Patna
256,Anand,Punjab,Amritsar
257,Anita,Kerala ,Thiruvananthapuram
258,Tushina,Goa,Goa
259,Kalyani,Tamil Nadu,Chennai
260,Divyansh,Gujarat,Ahmedabad
261,Shreya,Uttar Pradesh,Lucknow
262,Ginny,Madhya Pradesh,Indore
263,Omkar,Delhi,Delhi
264,Adhvaita,Rajasthan,Jaipur
265,Piyam,Punjab,Amritsar
266,Shefali,Rajasthan,Jaipur
267,Anchal,Haryana,Chandigarh
268,Manibalan,Kerala ,Thiruvananthapuram
269,Mansi,Madhya Pradesh,Indore
270,Shubham,Madhya Pradesh,Indore
271,Aayushi,Gujarat,Surat
272,Pradeep,Delhi,Delhi
273,Jaideep,Nagaland,Kohima
274,Aditya,Himachal Pradesh,Simla
275,Ritu,Haryana,Chandigarh
276,Suhani,West Bengal,Kolkata
277,Shreya,Andhra Pradesh,Hyderabad
278,Sandra,Punjab,Amritsar
279,Syed,Maharashtra,Pune
280,Subhasmita,Rajasthan,Jaipur
281,Chayanika,Kerala ,Thiruvananthapuram
282,Nandita,Rajasthan,Jaipur
283,Suraj,Gujarat,Surat
284,Raksha,West Bengal,Kolkata
285,Moumita,Gujarat,Ahmedabad
286,Bhavna,Sikkim,Gangtok
287,Suman,Kerala ,Thiruvananthapuram
288,Bhargav,Delhi,Delhi
289,Mukund,Maharashtra,Pune
290,Shantanu,Maharashtra,Mumbai
291,Patil,Delhi,Delhi
292,Vaibhavi,Uttar Pradesh,Lucknow
293,Sanskriti,West Bengal,Kolkata
294,Prajakta,Karnataka,Bangalore
295,Saptadeep,Gujarat,Surat
296,Saurabh,Andhra Pradesh,Hyderabad
297,Anisha,Nagaland,Kohima
298,Arsheen,Gujarat,Ahmedabad
299,Rashmi,Madhya Pradesh,Indore
300,Gaurav,Rajasthan,Udaipur
301,Meghana,Madhya Pradesh,Bhopal
302,Aditi,Rajasthan,Udaipur
303,Teena,Andhra Pradesh,Hyderabad
304,Samiksha,Maharashtra,Mumbai
305,Daksh,Haryana,Chandigarh
306,Akash,West Bengal,Kolkata
307,Pooja,Bihar,Patna
308,Shubhi,Maharashtra,Mumbai
309,Riya,Maharashtra,Mumbai
310,Utsav,Maharashtra,Mumbai
311,Ajay,West Bengal,Kolkata
312,Megha,Rajasthan,Udaipur
313,Rhea,Himachal Pradesh,Simla
314,Ishit,Maharashtra,Pune
315,Smriti,Bihar,Patna
316,Ankita,Maharashtra,Mumbai
317,Masurkar,Punjab,Amritsar
318,Shivani,Madhya Pradesh,Indore
319,Dheeraj,Rajasthan,Jaipur
320,Abhishek,Gujarat,Surat
321,Gunjal,Gujarat,Surat
322,Ashmi,Madhya Pradesh,Indore
323,Jesslyn,Rajasthan,Udaipur
324,Ankit,Maharashtra,Mumbai
325,Akshay,Tamil Nadu,Chennai
326,Sonakshi,Jammu and Kashmir,Kashmir
327,Vipul,Uttar Pradesh,Lucknow
328,Pranav,Madhya Pradesh,Indore
329,Apoorv,Rajasthan,Udaipur
330,Rahul,Madhya Pradesh,Indore
331,Geetanjali,Delhi,Delhi
332,Preksha,Delhi,Delhi
333,Shyam,Madhya Pradesh,Indore
334,Sakshi,Madhya Pradesh,Bhopal
335,Aromal,Maharashtra,Mumbai
336,Sanjay,Maharashtra,Mumbai
337,Jayanti,Uttar Pradesh,Prayagraj
338,Kritika,Uttar Pradesh,Lucknow
339,Arindam,Uttar Pradesh,Lucknow
340,Maithilee,Madhya Pradesh,Indore
341,Sandeep,Madhya Pradesh,Indore
342,Soodesh,Punjab,Chandigarh
343,Shivam,Maharashtra,Pune
344,Parnavi,West Bengal,Kolkata
345,Swati,Madhya Pradesh,Indore
346,Parakh,Nagaland,Kohima
347,Arun,Madhya Pradesh,Indore
348,Utkarsh,Gujarat,Surat
349,Nirja,Delhi,Delhi
350,Abhijit,Delhi,Delhi
351,Avni,Maharashtra,Mumbai
352,Wale,Maharashtra,Mumbai
353,Abhishek,Maharashtra,Mumbai
354,Aayushi,Madhya Pradesh,Indore
355,Sidharth,Maharashtra,Mumbai
356,Bhutekar,Madhya Pradesh,Indore
357,Mugdha,Delhi,Delhi
358,Aryan,Madhya Pradesh,Bhopal
359,Krishna,Madhya Pradesh,Indore
360,Nikhil,Punjab,Chandigarh
361,Shikhar,Himachal Pradesh,Simla
362,Surabhi,Tamil Nadu,Chennai
363,Rane,Maharashtra,Mumbai
364,Noshiba,Gujarat,Ahmedabad
365,Saurabh,Maharashtra,Mumbai
366,Dipali,Madhya Pradesh,Indore
367,Vivek,Goa,Goa
368,Pratiksha,Maharashtra,Mumbai
369,Akshata,Gujarat,Surat
370,Komal,Himachal Pradesh,Simla
371,Duhita,Haryana,Chandigarh
372,Anmol,Rajasthan,Udaipur
373,Inderpreet,Himachal Pradesh,Simla
374,Mousam,Maharashtra,Mumbai
375,Shweta,Madhya Pradesh,Indore
376,Dhirajendu,Maharashtra,Mumbai
377,Sajal,Bihar,Patna
378,Aakanksha,Madhya Pradesh,Indore
379,Phalguni,Madhya Pradesh,Bhopal
380,Snehal,Punjab,Chandigarh
381,Manish,Himachal Pradesh,Simla
382,Harsh,Nagaland,Kohima
383,Tejas,Karnataka,Bangalore
384,Pearl,Maharashtra,Pune
385,Gunjan,Madhya Pradesh,Indore
386,Swetlana,Goa,Goa
387,Akshat,Maharashtra,Mumbai
388,Namrata,Punjab,Chandigarh
389,Jaydeep,Madhya Pradesh,Bhopal
390,Rachna,Haryana,Chandigarh
391,Akanksha,Andhra Pradesh,Hyderabad
392,Sumeet,Maharashtra,Mumbai
393,Ashvini,Maharashtra,Mumbai
394,Ekta,West Bengal,Kolkata
395,Soumya,Sikkim,Gangtok
396,Mahima,Maharashtra,Pune
397,Saloni,West Bengal,Kolkata
398,Anubhaw,Karnataka,Bangalore
399,Ananya,Andhra Pradesh,Hyderabad
400,Rohit,Rajasthan,Jaipur
401,Hemangi,Delhi,Delhi
402,Dinesh,Tamil Nadu,Chennai
403,Ashwin,Goa,Goa
404,Shivani,Maharashtra,Mumbai
405,Shubham,Himachal Pradesh,Simla
